<?xml version="1.0" encoding="UTF-8"?>
<!-- Created with TexturePacker http://texturepacker.com-->
<!-- $TexturePacker:SmartUpdate:3544fe7a408ee54195ee3366470dbabb$ -->
<TextureAtlas imagePath="asset.png">
    <SubTexture name="big_button_down" x="190" y="173" width="16" height="16"/>
    <SubTexture name="big_button_normal" x="173" y="173" width="16" height="16"/>
    <SubTexture name="cell_bomb" x="87" y="173" width="85" height="85"/>
    <SubTexture name="cell_down" x="1" y="173" width="85" height="85"/>
    <SubTexture name="cell_normal" x="87" y="87" width="85" height="85"/>
    <SubTexture name="flag" x="1" y="87" width="85" height="85"/>
    <SubTexture name="gnomemines" x="131" y="1" width="85" height="85"/>
    <SubTexture name="gnomepanelclock" x="66" y="1" width="64" height="64"/>
    <SubTexture name="starParticle" x="1" y="1" width="64" height="64"/>
</TextureAtlas>
